{
  "name": "weather",
  "version": "0.2.3",
  "title": "another AMD compatible weather plugin",
  "description": "get the current weather using a zip code or latitude/longitude",
  "author": {
    "name": "Dan Heberden",
    "email": "danheberden@gmail.com",
    "url": "http://danheberden.com/"
  },
  "repository": {
    "type": "git",
    "url": "git://github.com/danheberden/jquery-weather.git"
  },
  "bugs": "https://github.com/danheberden/jquery-weather/issues",
  "licenses": [
    {
      "type": "MIT",
      "url": "https://github.com/danheberden/jquery-weather/blob/master/LICENSE-MIT"
    }
  ],
  "dependencies": {
    "jquery": ">= 1.8.0"
  }
}
